{
    "name": "bark",
    "category": "organic",
    "base": {
        "color": [
            0.77,
            0.55,
            0.396
        ],
        "texture": null,
        "emission": 0.0,
        "opacity": 1.0
    },
    "registers": {
        "survival": {
            "color": [
                0.66,
                0.48400000000000004,
                0.33
            ]
        },
        "tron": {
            "color": [
                0.48400000000000004,
                0.44000000000000006,
                0.396
            ],
            "emission": 0.03
        },
        "tolkien": {
            "color": [
                0.8360000000000001,
                0.6160000000000001,
                0.44000000000000006
            ]
        },
        "sanrio": {
            "color": [
                0.924,
                0.7040000000000001,
                0.6160000000000001
            ]
        }
    }
}