{
    "name": "ember",
    "category": "energy",
    "base": {
        "color": [
            1.0,
            0.66,
            0.33
        ],
        "texture": null,
        "emission": 0.5,
        "opacity": 1.0
    },
    "registers": {
        "survival": {
            "color": [
                1.0,
                0.55,
                0.22000000000000003
            ],
            "emission": 0.4
        },
        "tron": {
            "color": [
                1.0,
                0.8800000000000001,
                0.22000000000000003
            ],
            "emission": 0.9
        },
        "tolkien": {
            "color": [
                1.0,
                0.6160000000000001,
                0.264
            ],
            "emission": 0.3
        },
        "sanrio": {
            "color": [
                1.0,
                0.9900000000000001,
                0.66
            ],
            "emission": 0.6
        }
    }
}