{
    "name": "leaf",
    "category": "organic",
    "base": {
        "color": [
            0.66,
            1.0,
            0.55
        ],
        "texture": null,
        "emission": 0.0,
        "opacity": 0.95
    },
    "registers": {
        "survival": {
            "color": [
                0.6160000000000001,
                0.924,
                0.48400000000000004
            ]
        },
        "tron": {
            "color": [
                0.33,
                1.0,
                0.77
            ],
            "emission": 0.1
        },
        "tolkien": {
            "color": [
                0.77,
                1.0,
                0.6160000000000001
            ]
        },
        "sanrio": {
            "color": [
                0.9900000000000001,
                1.0,
                0.8800000000000001
            ]
        }
    }
}