{
    "name": "monk_robe",
    "category": "fabric",
    "base": {
        "color": [
            0.22000000000000003,
            0.17600000000000002,
            0.15400000000000003
        ],
        "texture": "assets/sprites/textures/parts/monk_torso.png",
        "emission": 0.0,
        "opacity": 1.0
    },
    "registers": {
        "survival": {
            "color": [
                0.264,
                0.22000000000000003,
                0.17600000000000002
            ]
        },
        "tron": {
            "color": [
                0.132,
                0.22000000000000003,
                0.30800000000000005
            ],
            "emission": 0.1
        },
        "tolkien": {
            "color": [
                0.30800000000000005,
                0.24200000000000002,
                0.17600000000000002
            ]
        },
        "sanrio": {
            "color": [
                0.396,
                0.264,
                0.35200000000000004
            ]
        }
    }
}