{
    "name": "monk_hood",
    "category": "fabric",
    "base": {
        "color": [
            0.17600000000000002,
            0.132,
            0.11000000000000001
        ],
        "texture": "assets/sprites/textures/parts/monk_torso.png",
        "emission": 0.0,
        "opacity": 1.0
    },
    "registers": {
        "survival": {
            "color": [
                0.22000000000000003,
                0.17600000000000002,
                0.132
            ]
        },
        "tron": {
            "color": [
                0.11000000000000001,
                0.17600000000000002,
                0.264
            ],
            "emission": 0.05
        },
        "tolkien": {
            "color": [
                0.264,
                0.198,
                0.132
            ]
        },
        "sanrio": {
            "color": [
                0.33,
                0.22000000000000003,
                0.264
            ]
        }
    }
}