{
    "name": "stone",
    "category": "mineral",
    "base": {
        "color": [
            1.0,
            1.0,
            0.9680000000000001
        ],
        "texture": "assets/sprites/textures/parts/stone.png",
        "emission": 0.0,
        "opacity": 1.0
    },
    "registers": {
        "survival": {
            "color": [
                0.9900000000000001,
                0.924,
                0.8360000000000001
            ]
        },
        "tron": {
            "color": [
                0.77,
                0.8800000000000001,
                1.0
            ],
            "emission": 0.05
        },
        "tolkien": {
            "color": [
                1.0,
                1.0,
                0.9900000000000001
            ]
        },
        "sanrio": {
            "color": [
                1.0,
                1.0,
                1.0
            ]
        }
    }
}