{
  "mega_column": {
    "width": 10.46258544921875,
    "depth": 8.225499153137207,
    "height": 45.13399839401245,
    "scale": 45.13399839401245
  },
  "column": {
    "width": 3.8805017471313477,
    "depth": 3.1416096687316895,
    "height": 12.57352066040039,
    "scale": 12.57352066040039
  },
  "boulder": {
    "width": 5.036120653152466,
    "depth": 3.1055315732955933,
    "height": 3.1999071836471558,
    "scale": 5.036120653152466
  },
  "stalagmite": {
    "width": 1.1170687079429626,
    "depth": 0.7824116051197052,
    "height": 4.472253501415253,
    "scale": 4.472253501415253
  },
  "crystal_cluster": {
    "width": 4.818557024002075,
    "depth": 3.5349584817886353,
    "height": 2.3639569729566574,
    "scale": 4.818557024002075
  },
  "giant_fungus": {
    "width": 2.6712154150009155,
    "depth": 2.865433692932129,
    "height": 3.132591813802719,
    "scale": 3.132591813802719
  },
  "dead_log": {
    "width": 5.602092504501343,
    "depth": 0.38225581496953964,
    "height": 0.5273350328207016,
    "scale": 5.602092504501343
  },
  "moss_patch": {
    "width": 2.0301957726478577,
    "depth": 1.9569677710533142,
    "height": 0.18038285709917545,
    "scale": 2.0301957726478577
  },
  "bone_pile": {
    "width": 0.9387307167053223,
    "depth": 1.058280885219574,
    "height": 0.314569853246212,
    "scale": 1.058280885219574
  },
  "grass_tuft": {
    "width": 0.687784343957901,
    "depth": 0.607196569442749,
    "height": 1.1696016788482666,
    "scale": 1.1696016788482666
  },
  "rubble": {
    "width": 2.887720465660095,
    "depth": 3.6843719482421875,
    "height": 0.7683739364147186,
    "scale": 3.6843719482421875
  },
  "leaf_pile": {
    "width": 0.7708345949649811,
    "depth": 1.3388670682907104,
    "height": 0.2104453220963478,
    "scale": 1.3388670682907104
  },
  "twig_scatter": {
    "width": 1.5612452924251556,
    "depth": 0.9079470932483673,
    "height": 0.17854877561330795,
    "scale": 1.5612452924251556
  },
  "cave_gravel": {
    "width": 0.236900195479393,
    "depth": 0.2204947993159294,
    "height": 0.07157692220062017,
    "scale": 0.236900195479393
  },
  "firefly": {
    "width": 0.011754841543734074,
    "depth": 0.011754841543734074,
    "height": 0.011754989624023438,
    "scale": 0.011754989624023438
  },
  "leaf": {
    "width": 0.03404696565121412,
    "depth": 0.0279548903927207,
    "height": 0.013192277401685715,
    "scale": 0.03404696565121412
  },
  "beetle": {
    "width": 0.08625998347997665,
    "depth": 0.06885592639446259,
    "height": 0.023820131085813046,
    "scale": 0.08625998347997665
  },
  "rat": {
    "width": 0.060543596744537354,
    "depth": 0.25654055178165436,
    "height": 0.042139582335948944,
    "scale": 0.25654055178165436
  },
  "spider": {
    "width": 0.032788537442684174,
    "depth": 0.066220223903656,
    "height": 0.019673122093081474,
    "scale": 0.066220223903656
  },
  "ceiling_moss": {
    "width": 3.0750322341918945,
    "depth": 1.3443862199783325,
    "height": 22.94895413890481,
    "scale": 22.94895413890481
  },
  "hanging_vine": {
    "width": 0.7422122955322266,
    "depth": 0.10492977499961853,
    "height": 4.245780944824219,
    "scale": 4.245780944824219
  },
  "filament": {
    "width": 0.04304280877113342,
    "depth": 0.274551585316658,
    "height": 2.6084365844726562,
    "scale": 2.6084365844726562
  },
  "horizon_form": {
    "width": 8.621177911758423,
    "depth": 4.43698263168335,
    "height": 2.033555120229721,
    "scale": 8.621177911758423
  },
  "horizon_mid": {
    "width": 6.186519145965576,
    "depth": 3.481837034225464,
    "height": 4.868117451667786,
    "scale": 6.186519145965576
  },
  "horizon_near": {
    "width": 2.916387438774109,
    "depth": 1.5820684432983398,
    "height": 0.6770492196083069,
    "scale": 2.916387438774109
  },
  "exit_lure": {
    "width": 0.12475987523794174,
    "depth": 0.12475987523794174,
    "height": 0.12475967407226562,
    "scale": 0.12475987523794174
  }
}